推荐方法,Precision@5,Recall@5,NDCG@5,覆盖率,多样性
协同过滤,0.0,0.0,0.0,0.5533333333333333,0.14457831325301204
内容推荐,0.753,0.061054624713201694,0.7680633103834412,0.35333333333333333,0.2641509433962264
混合推荐,0.693,0.05660472894035801,0.7035204575769711,0.5066666666666667,0.18421052631578946
