商品类别,当前库存,未来30天预测销量,安全库存, reorder点,策略,建议补货量
服装,4460.0,1822.4816132566257,364.49632265132516,789.7420324112045,库存充足,0
电子产品,5339.0,1692.1611994770783,338.4322398954157,733.269853106734,库存充足,0
运动器材,4546.0,1219.672029369134,243.9344058738268,528.5245460599581,库存充足,0
汽车配件,5266.0,1207.9303168898127,241.58606337796255,523.4364706522522,库存充足,0
珠宝首饰,5433.0,1125.8740588626306,225.17481177252614,487.87875884047327,库存充足,0
